x1,x2,x3,y
-1.0,0.18471123801025335,0.4592212507351292,-4.9254079117508915
-1.0,1.0,0.9994501894198946,16.73813981384983
1.0,0.1641782709156312,0.38806381201021534,6.772506807201382
0.017837538165799804,-0.04503783798399352,0.05264566426907713,0.5972504577534202
1.0,0.20039960374216914,-0.10128954110099686,5.083071686480689
1.0,0.6840365837463549,0.8581889374177909,18.29868652537978
0.5954579803314837,0.34573417593052413,-0.6231772248221563,0.8463340549411891
-0.13792749642788893,-0.9226615720744036,1.0,-3.691601630943792
-1.0,0.26879375182550125,-1.0,15.30527481069595
-0.9361182444955727,-1.0,0.4883710877968066,10.800382664052918
0.4392433410842074,-0.8400848953713611,-0.13495258566089707,0.9006479576206721
-0.7231257055725318,0.9995694273350912,-0.010741826638211105,4.2030287301148475
0.592796033906891,-1.0,0.3598628733908906,-1.2608793436003958
-1.0,-0.1311173776216512,-1.0,9.250328245487044
-0.2891607333082158,0.7859993273380081,0.09970508782031451,0.7563285463974139
0.45008938195978865,0.3188185565012065,-1.0,-2.0835266128559793
1.0,-1.0,-0.5533030895491433,-10.617782766100492
0.6428215172298266,-0.414760317891127,0.12483546098016562,0.18304597515343368
-1.0,0.6749173570492724,0.7235278970475647,-3.304300168059783
-0.688925547378529,-0.024875917962627447,1.0,2.2483398046513234
0.9382987821947963,-0.20684997313581732,-0.05593315281881761,3.732745681912058
0.40228337862067076,0.6912038209557609,1.0,4.879404456672335
0.9715934849278336,-0.9779277861306739,1.0,-7.972693209793594
-1.0,1.0,0.35339585430663845,2.2881194363372
0.2738243503530522,1.0,1.0,10.348493293161045
-1.0,-0.8948069634398477,0.5014101666281723,9.125912466704413
-0.40147221943076605,-0.08964050411701718,-1.0,-1.5103334441860692
-1.0,-0.765555036471449,1.0,15.605051896376276
1.0,-1.0,1.0,-9.544700067442884
0.6707944886737827,0.8415333319369018,0.7206834252952621,6.274464399642601
0.7463412417999915,0.714912256580156,-1.0,1.3813063989793783
0.5009192174280204,-1.0,0.17839971339914906,0.0432875561086262
-0.06657218167379608,0.46458720018948463,0.6774367887719619,-0.18888793901240447
1.0,-0.10040739179714198,-0.1682183707873055,4.825366101636317
1.0,-1.0,0.044465125410980244,-7.628750987394702
1.0,0.1276040083062271,-1.0,9.341877217184381
-0.23835650406157805,-0.2219072183117572,1.0,-0.15297986397637592
0.7348046651136773,-1.0,-1.0,-25.83046145200493
0.43159717585224855,0.2428667219773415,0.16521388769835155,1.4411718462568408
0.24289236470657793,1.0,0.40836398282154174,7.141336053394648
-0.7832455109888072,-0.16956093515865622,0.06421959683284362,-1.2076174134436568
1.0,-0.3453409095226252,-0.619069741008623,5.688473362291673
-0.22143244238494786,-1.0,0.32035773511907517,2.7040621849498665
-0.4255857329650907,-0.11708517717194056,1.0,1.282398912645971
-0.028885806223916788,0.5484390722435155,0.8292551919941413,2.5011447677444774
-0.32522479281018035,-0.4691663189813622,0.7635162869308665,0.6528914519431328
0.9668430385445894,0.768413430724395,0.6962277714955694,12.930444884454923
-1.0,0.8197736859720053,1.0,11.8953280937711
-0.4716143433518438,0.0968514826256941,1.0,0.9986476447793724
0.5203567191199072,1.0,-0.9075529094851533,11.037555120420032
-0.756117039420227,0.04831555663242315,-0.6827344311174268,0.4690595458422144
-0.058196344812985856,0.5921837129689931,-1.0,-3.9347647100607346
-0.42195666983516245,1.0,-0.8953351320966652,3.365045767897186
0.5287525346396715,-0.5776513561991561,0.3954039616794507,1.4792932457090573
-1.0,-0.2367377946467426,-0.8274146789823882,2.423381732404797
-1.0,-0.48010117871697067,-0.3802094798023177,-1.0027101141923098
-1.0,0.7551554150853681,0.8326070199132698,1.046664724728621
-0.4603766923931121,-1.0,0.1300542909345026,3.8248508668770222
1.0,-1.0,-1.0,-30.2215296556814
0.5280927765030066,0.8692776516074945,-0.4539608601995162,4.2298556937569005
-1.0,-0.44230260949318456,0.32837182697891776,-1.311597395382473
1.0,-1.0,-0.6795980909605652,-13.457246823048887
0.733882774261009,-0.44801011331213525,-0.044952440888293754,1.0749819889966408
0.11995934712200884,0.8208385392666067,-0.21461912038820508,3.0839964440408933
0.5518864426711745,0.6328203911023074,1.0,5.025034450071389
0.08686683831999753,1.0,1.0,12.316429051755925
0.4894359934179606,0.41153265429502595,-0.3625450708934108,1.4545843760629031
0.8078591789851843,-0.5202511998232389,-0.977624960496343,-4.082583759168608
0.8933229915797989,-0.3862289941428869,0.07372046555526834,2.1418239153918646
1.0,-0.3862709823797019,-0.778391281006743,6.457587887814099
0.22274540833969314,-0.34083804331139267,1.0,-1.4902486241083819
0.008696115177570851,-0.32050581580493964,-0.27492810668014345,0.9349423637569392
-0.02310809653803836,1.0,-0.49507568968037163,9.708085666275363
-0.4273090669111246,-0.8432866268096444,0.7611562904180786,1.0039050732122596
-0.14473741266579343,0.8312875331198939,-0.7399345546934935,0.7855689684555525
0.41991117440789716,-1.0,-0.1599563410033309,0.5629168546307918
-0.595814429796848,0.7160427853115334,-0.8709265875813998,-2.5320604023663598
0.40518618355884395,-0.12025532163768293,0.11980667618480312,0.6754842637326277
-1.0,-0.563472582634561,1.0,9.961775843685063
-0.24896767022990418,-0.8790732060722177,-1.0,-10.34101713993313
0.5899730874770528,-1.0,-0.13818031339973147,-0.6982594000340616
-1.0,0.24424421509093053,1.0,4.271078549956227
0.6799382218736734,-0.08265153330440733,0.7535920712530233,1.0661801988693838
-0.19052468577984993,-1.0,-1.0,-15.164578390094045
0.687980154933931,-0.20069121775289278,0.06501823666100104,2.1022901538894074
-0.234615373332826,-0.3798488724340445,-0.7448958627234123,-0.8201899736518466
-1.0,-0.08815830313064055,-0.9227099846706173,6.912359265965627
1.0,-0.19113251322688418,-0.9760395210469448,6.687051536495568
0.429979523449338,-0.9635187417957245,0.02200643146260517,1.0193819573533878
1.0,-0.1822658530183212,-0.10497780266887125,4.218239237130347
-0.46169787076680957,0.11362104050416155,-0.06180487018634695,-0.7659711285553669
1.0,-1.0,0.6623502686698415,-7.089042705227301
0.9466421824484306,0.08101087464059686,-0.6481006516632508,4.303048275162496
-0.22638425383141003,-0.5904122467953388,1.0,-0.127539698295992
-0.7105649494482611,0.15609651818746006,-1.0,2.632718934432725
-1.0,-0.7930238871268263,0.4557258762297589,5.181975769766351
1.0,0.3697032706694625,0.4009841411773918,7.858409170094006
-1.0,-1.0,1.0,21.61466169364473
0.15333675823294635,-0.3791868828719642,-0.4420014082358028,1.5040287391627327
0.6635060464933233,0.8418309151758767,0.02632221849687566,2.575557871474147
-0.5253618562590723,1.0,1.0,15.995298174169019
-1.0,-0.4720398201718652,0.12166707251019337,-1.8834205059129294
1.0,0.15761591129458385,-0.008937967636752031,5.068211772525597
0.9458237433974337,0.35416387656100623,-0.6932231014476979,4.432211664323486
0.8762106207063753,0.3104810632920372,0.21294927944940745,4.440621866355435
0.015433740353782754,-0.22171932383464577,1.0,-0.5657476656276006
0.8000385409210102,1.0,-0.6648981947941899,15.439959570931276
-1.0,-0.24210727466241666,-0.01919188934456928,-3.236089178303903
-0.9611810167663031,-0.8221549522053371,-0.15826580288983494,4.209814386716303
1.0,0.4251716674004711,-0.6191203506783438,5.46710660234351
-0.6923863959287526,1.0,-1.0,1.6769052068025294
0.5070845168928377,-1.0,-0.25307552498539243,-0.3176508933513436
-1.0,1.0,0.7141332030094591,1.9576018421609382
-0.3703099212298304,0.9769736780068972,-0.46289194130135947,6.2529170999121115
-0.04468024893651745,1.0,1.0,13.80992189803101
-0.28117255148154063,-0.6989285081775736,-0.2447400795559176,1.2919881722995394
-1.0,-1.0,-0.8763314344675173,2.5236304964171956
0.26775319121349694,0.8666184071299716,0.4610147046820601,4.79411551233033
0.9862629033068104,0.5348694656171962,-1.0,12.240162097570396
-0.7301132033073541,0.9683776916356319,-0.8536428043265818,0.8924319666014582
1.0,-1.0,0.5263959945007854,-6.22592679646671
0.9786904751430454,0.17248652441225043,1.0,13.749695921210714
-1.0,-0.0794620702268205,-0.00568862295591277,-4.435997719506214
-1.0,-1.0,-0.689670173168508,3.3180985015446804
-1.0,0.7792295510890417,-0.6373869353054129,6.110738498722999
-0.9240975846763431,-1.0,1.0,14.693632109161618
0.5409281002449597,-0.778131426968204,-0.27220043507977776,1.8353012094670147
-0.4327504075005115,0.6040122001704358,0.35629911072570275,-0.486154848326973
-0.518207374088965,0.2270206178581351,1.0,2.474830106010785
-0.5094625376285513,0.33302989377709613,0.3500059821017576,-1.307734627375224
0.8904980804916038,1.0,0.8155683959360263,14.695759386399212
0.12272388703775783,1.0,1.0,11.5676062279186
0.36406763245073614,0.00017889705052565041,0.4075062992911569,1.5099799232643956
0.6724178744672036,1.0,0.005084374880098608,8.004622998637306
-0.3711983906081364,1.0,0.541363195588501,7.516015206509456
-0.46104084903871234,-0.500402594683832,-0.177844326108896,1.6107085242033414
-1.0,-0.2014417043275738,-0.5153472972102189,-1.9157654949693343
0.014957261406757683,-0.6056702298539203,1.0,-2.3120603133328874
-0.3173876095160644,0.08204242599101019,-0.6057348619828249,-0.24543885461165404
1.0,-1.0,-0.7120221831817222,-14.30182031527835
-0.3001116781539426,-0.11695852267798634,0.5115427671079082,0.19015898870250117
-0.30686078746766743,-0.9940147007352744,0.293056452823939,2.637582685619397
-1.0,-1.0,0.9279500134368348,19.58967307728123
-1.0,-0.8069505934852903,1.0,17.245138777663254
-0.6519738136917006,0.4138740787932427,0.5368538288095128,-2.5012667139090703
-0.024224543305723323,-0.3930877717296777,0.7015375035813771,1.0768441507399782
-0.4165278966896968,-0.8061476023061913,0.11731698851523542,1.649683617897235
-1.0,-0.09367085930599273,-0.06311933711486906,-4.618890396898202
1.0,-0.3125857610585656,-0.38020862577310344,4.837023426186948
-0.8231066712239863,-0.5183309811681847,0.6158348140688044,1.8356198736581666
0.7612298013442402,-0.6764864034336244,0.6316888443104929,0.2506734718927748
1.0,-0.03083850390399001,-0.6315763258539524,5.294536978692715
0.8413869647808372,1.0,0.4193057339704189,8.974071180189698
-0.7692808395685304,-1.0,-1.0,-4.699605586370327
0.09763910819803567,-0.03889076290779525,-0.511318449339204,1.2998602488613236
-0.011675951494786396,-0.1995733009614029,-0.044533365230655875,0.7702028681867715
-0.44403282305825775,-1.0,-1.0,-13.221501329205463
-0.8086716432858922,1.0,-0.04050882400838263,4.793241666046953
0.3398573741235922,-0.8606123344653651,0.6508006109185545,0.04316143685416631
0.6124076220051256,-0.3050081254909083,-0.6529916917881291,1.6077774251164998
-0.9503307281429183,0.12327583545597864,0.1898517062321945,-3.6973097745217465
1.0,-1.0,-0.9462289539127224,-26.437569605816204
-0.5321869303885984,0.6446007344491509,-0.09189339537218877,-1.6641870968818644
-0.10399091706826535,-0.6856841348047231,-0.08025032894131612,1.1173484255399342
0.14948188219070735,-1.0,-0.8274002730485055,-8.9163861201036
1.0,1.0,-0.8535287858291725,32.30888089603205
-0.029026497260859818,-0.45067116498836524,-0.8087499107583458,-0.695920934988595
0.32364326183066283,0.8745293452714127,-0.06462157377016475,3.7147956567531586
-0.7093009546313824,-0.6224349574271009,-0.2278706815627478,2.191522802038095
0.18007228601481517,-0.6479182959888272,-1.0,-8.668232530600235
1.0,0.7657223135366642,-0.6425813230294553,9.043295646114629
1.0,0.12070965858406613,-1.0,9.877159967762699
1.0,0.4166813185849889,0.7781046766038655,12.72260845594143
0.10527200617742372,0.3006385576770314,0.591323609803561,0.458117122480342
-0.1506928628912736,1.0,0.3263401911536532,6.923250021021508
-1.0,-0.6428088210698535,1.0,12.35685965583288
-1.0,1.0,-0.2543645208076397,11.276508537301556
-1.0,-0.8895289578530297,1.0,19.42696111019726
0.4888393954829853,0.033972718935869395,0.8062723910864835,0.018792747967812384
0.18789117524933752,0.9927345438128412,-0.9608511812583096,6.135438980157572
0.21586580627711038,0.591183833476389,-0.09869375851604856,0.9523938535891974
0.7255225913736232,1.0,0.9165669677402497,11.714853527138708
0.7187923268209275,-0.29838966458350313,-1.0,-2.926349815841602
0.3580570545983248,0.986129553969995,-0.47582905013224,10.520957119896847
0.9571229610722491,0.40750156352764,0.20998274213306733,5.280957416999286
-0.3597966726006243,-0.9407787071382314,-0.9127191778727082,-8.155539772863017
0.5556526150419181,1.0,-0.3697430838582909,9.871224707166974
-0.8415389298894991,-1.0,0.2858155829094884,9.085130389203023
-1.0,-0.8317298713946801,0.09434206260535793,4.537438465874653
-0.7682422193622331,-1.0,0.29138337129829406,6.366552891360728
-0.08596196245810028,-0.6528246694933311,-0.633531322933536,0.8627845279055015
-0.9819313415112745,-0.47774793948124006,-0.23896669188680608,-1.3924918033448894
1.0,-1.0,0.16463444036813768,-7.826387064023299
-0.5806360338414236,0.12337601524565844,0.8189534767373219,-0.05004803547903375
0.23046959195553796,-0.2677649311427408,1.0,-1.4721898719204056
-0.007397729222578642,-0.11232543800011974,-0.9275381908750346,-1.7422032621574315
-0.4569011663161382,0.721243870212642,-1.0,-3.748864008556448
1.0,-0.8660765329354849,0.4419469006134309,-0.1770309251305725
1.0,0.06613699305146081,-0.39133468820990847,4.469814761518291
0.8165506151657647,0.5309241196645802,0.12553311422618552,2.983359387123143
0.674794231644626,-0.7383039344783593,1.0,-4.103949586541099
-0.05074960174708898,0.5090517216601498,1.0,4.290096102212353
-0.12051734231497835,-1.0,1.0,-5.497799596865739
0.24645100396044328,0.5534696275290611,0.9187211895816858,2.0287552901912935
-0.5387441915284847,-0.033511800434447014,0.5804067017050505,-0.33898981479517265
-0.5003830395053419,-0.3718480056289615,0.7000107367434161,0.5453837811004388
-1.0,-0.2078005429767975,-0.16911303524460752,-3.2665142728600536
0.9719055582987148,-0.7856708977171134,-0.7317180411958286,-0.08418939500775174
0.6692345003234546,-1.0,-0.24914553594916455,-2.638110280617277
1.0,1.0,-0.730221117291229,27.029335024876513
0.19817352129090904,0.28983220079159344,-0.937126586302659,-1.2000870039585132
-1.0,0.091832349647887,0.3040363802762347,-4.757114129593033
0.1272432320329051,-0.03914055027398433,0.09656909087479759,1.6330282011923152
-0.7773405193055756,-1.0,0.4456191213579048,7.223427925270031
1.0,1.0,-0.25459985670474694,16.97500347243385
0.27499928778099636,0.23188529745319797,0.48975443847721767,0.29682123199736954
1.0,-1.0,-0.5106216525066527,-11.507377848024953
-1.0,-1.0,1.0,21.780612638927984
0.2261223798697667,-0.5324238748821495,-1.0,-6.107653759244001
0.620343035960127,-0.3462588034224048,-1.0,-4.329071556822965
1.0,-0.8350050703314393,-0.1415046778739104,0.9274391038805878
0.7308687426809377,0.06322680666765756,0.13838237220402583,1.9989734237192507
-1.0,1.0,-0.4623089148151398,12.0979997340913
0.5275668395739599,-1.0,0.7692751874324133,-3.200860913213501
-0.2790437468970177,-0.8035725402474727,0.19299126221731955,1.8689276551758949
-0.15440234180221402,1.0,-0.7201580944399479,8.488192960831915
-0.2496282986353826,0.23209107868157797,-1.0,-3.1780938908558496
-0.23839315106831305,1.0,1.0,14.36446696093563
-0.5161066687522231,-0.42406649592240564,0.3272482215933663,0.7566509487884931
1.0,-0.7935439442846508,-0.20913696625617795,0.2152684191654506
-0.3738139777409275,-0.9335775957538976,-0.08506181224697218,3.2350573874697934
1.0,-1.0,-0.5105348604914934,-10.714799323315443
-0.3579229377502591,0.8337332257728491,1.0,9.837707152920418
-1.0,-0.24970192876917685,0.32597433499378536,-3.1637693333454573
-1.0,-0.1659796814856449,-1.0,9.000723365806241
-0.4483236559739321,-0.16449598513065466,-0.0433453392823786,0.3315097723830811
0.5046366166036778,-1.0,-0.571639664797359,-5.429349515904565
0.416650748862879,-1.0,0.12111472651656396,0.4453515421935106
-0.10300444137332909,-1.0,-0.16496717857984167,3.0112517188001457
-1.0,0.9683043872495805,1.4674550347759663e-05,6.935556421168922
0.3369757679549794,-0.6401832588834304,-0.1274174725029127,0.9058525535987362
0.118286822277055,-0.29709406336890076,-0.3207901208321662,1.0995523015101683
0.6167995313246957,-0.08770800081618413,-0.7776181193104019,1.2154164157599463
0.08792823786677695,-1.0,0.7152678697538004,-0.8247917324326578
0.2845215051579917,1.0,0.6973408482940253,8.000231407417385
-0.19100242997078065,-0.2881493598102669,-1.0,-3.190843858971123
1.0,-0.667263181446965,-0.3893612158980282,2.842610607193233
-0.4246366210490711,-0.37113165707549256,-0.3817527405369532,1.1985793796363908
-0.4053338731531464,0.6014292725932875,-0.9359574078155282,-3.3079031211041414
0.5154736728011164,-0.2671227758779471,-0.9921451552900524,-3.9372209044917637
0.4844703611788066,-0.8849408448508864,-1.0,-14.198628111862059
0.2671093209358577,-1.0,1.0,-6.7954516537794
0.7344658978352714,-1.0,-0.07025976058586925,-2.4763135514606054
0.6155884566658985,-0.59946562343836,1.0,-3.1165422787515418
-0.12160422341254917,-0.419214533200414,0.1561840880917431,0.6071927258193623
-0.014846988771532788,1.0,-0.1192853878443223,8.470911401660869
0.5153699711429169,-0.13712700864873972,-0.8896325340535616,-0.5098761478668175
-1.0,-1.0,0.645439909508595,14.629930145504057
0.9986367749082257,1.0,1.0,25.562902061733844
-0.583544909093155,0.1274839849369196,0.3359936348272192,-1.1848021650640772
1.0,-0.5785827653576332,0.30207832918093547,3.689259291978108
-0.22099937112126655,-0.31891432407693876,0.896519736631225,-0.9640677185235634
0.26306685420039044,0.3659427816573624,1.0,1.8223706080723197
-0.27945393793060447,0.6503350372833676,0.3589478696879975,-0.4524781806181226
-0.1585914560596926,0.2695640010865925,0.3359059625469196,0.29828395054002854
-0.40753454990478244,-0.8422492036064804,0.4425366501314625,1.3860579456086137
-1.0,-0.002280761724384295,1.0,3.700576410638489
0.183971297082536,0.6050339645691607,-0.9934323366520907,-3.009503212081314
-0.38811421966142756,-0.8853823298685721,-0.6690206220167814,-0.666293924119301
0.4625622883690259,1.0,-0.32477000900565445,9.759775774600161
-0.04871218623421436,0.15438426676395323,0.3854217789985228,-0.3135204856461974
-0.04276278050761495,0.6146888166302624,1.0,5.460654845514664
-0.9486865693237796,0.51448830034863,-0.6972103837109815,1.2674145377885582
0.8815455934643386,-1.0,-1.0,-28.503616227793678
0.9058477787679429,-0.1705765039186964,0.11357450685332049,3.358707342490622
-0.5729209820290513,0.8167943250814576,0.9915316128969593,8.97237962117454
0.07032697527491671,-0.6720934565059029,-0.33235606653430616,1.379279384426388
1.0,1.0,-0.9998767717316799,39.104837120282944
0.8598277295754855,0.8380543847849604,-0.33016549228906444,5.6339133633277285
-0.7839011676466456,0.0444826049073086,0.22812312641180044,-2.444621633657781
0.0894834134858804,-0.720801807469936,-0.08863699678081671,2.238366008843089
-0.3537518379966009,0.1128738127522968,-1.0,-2.1166982897155404
-0.0842160488271666,0.4962155612218013,-0.3419978148704743,-0.4705689385345167
1.0,-0.7489660519024866,1.0,0.3112386652528151
0.013430247522941308,0.9458952662441062,-0.6848606382201248,7.726145586467238
-1.0,-0.5701288950417436,0.8799745867075255,7.87668459015052
0.7615568426602848,0.7380395150298624,1.0,11.697345723591493
-1.0,-0.1040969168121535,-0.5155968217099554,-2.2735147508887255
-0.9019409126616313,-0.7818012211543592,1.0,10.498600495539122
-0.2573046607792302,-0.05515217991625643,0.7248812886353155,-0.43413409940013525
0.9377845485269689,1.0,-1.0,30.42866347324528
0.9533954315446258,-0.30082989152441186,0.2190034212720693,3.726900496965528
0.3020376599497512,-0.10905222088725353,-0.49068293932753404,0.9500407292553541
0.9075116389881772,-0.26697246360544535,-1.0,0.5402175013911448
0.03856513027751074,-0.7087404705515368,0.82021822323106,-0.43006043892781876
-0.8470113089817486,0.30691049602341147,-0.1737603668570542,-2.2916680668022256
0.024172720082710653,-1.0,-1.0,-17.30120642581547
0.24187366389168763,0.09960716508421275,-0.814968596384597,0.7130440268491581
0.1569647013097608,0.9172439519881106,0.6801090748610885,6.63894787009685
0.7319913988987103,1.0,-0.36035032793013744,10.652552039380033
1.0,-0.6936572239854173,-1.0,-2.5967872501596156
1.0,0.4129764800960922,-0.4119379921654269,4.512848512447179
-1.0,0.1872169720294865,-0.40759691687798405,-2.1418268150941997
-0.0272766684018515,-1.0,0.05309094153421978,2.3059103214766625
-0.05452775746922489,-1.0,1.0,-6.847800515378267
0.22866727097988782,-0.1678575506818618,0.34066385123994936,0.7615930613277673
1.0,-0.236470474551026,-0.369695131634761,3.6470938430103983
-1.0,-0.04492317068068785,-0.3460896867423675,-2.7996606830965005
0.7219339905074258,0.10899169986492452,-0.850563021204154,1.6458402205091862
-0.5931354472558545,-0.06385439506106172,0.2757066446522902,-0.22131585774285
0.48477673519984243,0.8187918234055884,-0.7263340425429305,3.1822658565536397
1.0,0.7849624721007917,-0.6642791264731345,10.617664799878304
-1.0,-0.718356761547837,-0.10128333459549665,1.379310544525184
0.0915117561044867,-0.08171284168086546,-0.7358465847748552,0.6356308978499915
0.89438281193376,0.28730094363251424,0.6794506626986938,5.557483991439565
0.8761618733277217,-1.0,1.0,-7.779520652634084
-1.0,0.7640510309350508,1.0,9.937086212088142
-0.31164335024460277,0.2957884699413833,-0.18271278725836448,-0.432030271145545
-0.3705354944658381,0.6003139073785799,-0.7673740193843934,-1.6841732550781943
-0.830768154153138,-0.3450148946207614,-0.762527942999697,2.0087549693170685
-0.6620815832311608,-0.5336503956878558,-0.47729730462245,0.5871178685648384
0.7285126480560871,-1.0,-0.22390283974003333,-3.1538121530754455
-1.0,0.47871149839193317,-0.1985834034874041,-1.6261094345738536
0.38329063282737863,1.0,1.0,9.842712120054433
0.07662293358480832,-0.1700335251526528,0.909113499466375,-0.2945335943156655
-0.41790815530225967,-1.0,0.6219041720085177,2.006784341743973
-1.0,1.0,-0.5205844833502913,12.765881253143192
0.2076510660949078,0.15304525900805555,-0.5704521026207234,0.4145928899438628
1.0,0.940998310770051,1.0,26.618739546530023
-0.04148336660849039,-0.11525583050659072,0.1953919443622234,0.4460796360868116
-0.620496221044635,-0.14590764227442943,1.0,2.2220073961435447
0.15509322917060864,-0.6259459866157489,0.9882519444490008,-3.247609716171773
0.18530098755967517,1.0,1.0,11.065440074650438
-0.08552586878138424,-0.795978110928474,0.20001264387564155,1.206821440769934
-0.25622175507584766,-0.5944045019827564,0.5447176932657627,0.7024101713248214
0.592939109045806,0.7661310483193098,1.0,8.379346122207648
1.0,-0.018788567639110854,-0.06596588104642653,3.6974126031956756
-0.20688929946104118,0.28366533833628016,0.9219276880434302,0.9355079650036245
-0.39033064429934017,1.0,0.7779055200309353,9.226569461160326
0.10632542566730407,-0.08195228175172153,-1.0,-3.315095637959068
-0.6049623333595511,0.03340436563854743,0.6587266087261785,-0.6204742958618756
-0.1102432966933038,0.03232919742594187,-1.0,-2.437302502279727
-0.28117000577668216,0.3926930557640609,0.9944583323888643,2.5112991947300127
-0.6884006472604589,-0.3640342940587522,-1.0,1.0347670615940672
-1.0,0.27025064117087005,1.0,3.4070263760770154
0.6639568352202319,-0.006970683271979805,0.6064320323403602,1.464828978423405
-0.16020744144476207,-1.0,-0.25711935658032403,2.482730752262714
-0.04742622900929461,0.9009311922804701,0.8563056661443327,7.844093935191251
-0.3486031179844338,-0.7663567661679276,-0.41339248836309417,0.6725510284958749
0.6051500885365566,0.10108787628703397,-0.5421441617117249,1.852296447570807
0.30700405369243633,-0.9406005781570277,-0.6979207483079255,-3.2335362181929113
0.1789139367125141,-1.0,0.8751461727309284,-3.6648834092203777
-0.13850477713143072,0.8108542124771587,-1.0,-2.5746058104490337
0.7258549107893126,0.398259053454602,-0.14984267851761301,1.478241607921028
-0.6763942937750642,0.862680492366318,1.0,11.55873653101622
-0.7531873504352857,0.38139040715668826,0.544241094156924,-2.7128342192587374
0.8631440274443314,0.39773578018257894,1.0,11.762067772821688
-0.019324307786830586,-0.8686737565156455,-0.8124103088226877,-3.7502677669976334
1.0,-1.0,-0.16053038826767008,-8.800130303510517
-0.30808413234562404,0.1680844946759119,-0.7300124635473018,-0.36013251138958335
-0.030671820510689507,0.882087165586575,0.5054807190955968,4.022276078136981
-1.0,-0.9694039902086111,0.729310031035119,14.305654390221841
-0.5896695789839117,-0.40929782019104555,-1.0,-1.0857626307819215
0.46821086342155405,0.2858889540070497,0.242346456692899,1.3504767932254569
-0.7991960875013286,-1.0,0.6254676420426599,7.450731930399558
-0.31098857312250705,1.0,0.45103177798016314,7.07877975127134
-0.6028254848452226,0.12835114356285215,0.2776710213927802,-0.5267580725685903
1.0,1.0,1.0,25.249024279577245
-0.3457648125418098,-0.5364538074637115,-0.7416713983439862,-0.11633314534818903
1.0,-0.23516291351479834,-0.6352626416926697,6.072544114606632
-0.25721743125381313,0.48242868457051724,-0.4903775175654015,-1.278948981705749
-0.1717697727100509,-0.4263969632859723,-0.15799325225731775,0.8216170299584529
-0.5515642045705267,0.658231248910697,-0.7486586775982134,-1.8021884989045391
-0.7206236163320427,-0.5489112984380164,-0.7952104667871189,0.9654831298688907
0.30782362962235066,-0.19712438374440477,-0.2166879809919693,0.5237670992858086
0.5967096723234222,0.8632321718967719,-0.06238149486592426,3.936846946797442
0.10499649520753307,-1.0,-0.2629619071100564,2.1003429161239584
1.0,0.9243371072728694,-1.0,29.381514699025747
0.8125062875677698,-0.2822942474196286,0.013542002640867246,1.7988346321380693
-0.25661285147015,0.16607337364016117,0.8908981621754966,0.12736549786387732
-0.7745749444055652,0.7043640433470035,0.08267462215895893,-2.580115309198762
-0.39559829886713294,-1.0,-0.5143760429228719,1.3100014153238766
0.004262848415623299,-0.25991358865271286,-0.3355389629692709,0.5630622737483604
1.0,0.48108482174319556,1.0,21.674466635919817
0.8617378709363768,-0.24602016291035378,-1.0,-0.5861957919353482
-1.0,-0.4673177222189866,0.022095214513452532,-1.6109521609717616
0.1288342477100617,-0.08783390118839352,0.18720463204968096,1.2806333404367516
0.5247577810406945,1.0,1.0,9.149909753578948
-0.6719044211553822,0.3023642739032255,0.25034547256323036,-2.0640448428036042
0.06172974073042492,0.2607709540467098,1.0,2.033259750770653
-0.15605198941690102,0.18367010032516506,-1.0,-3.8786697328597004
0.19449260031615268,0.7029049410198474,-0.17015596733286076,1.1290377006906898
-0.3308665084697038,-0.06676037076974506,0.12639613519956727,-0.00884659328879835
0.1285838048193353,0.0005418618244554807,-1.0,-3.084615260029582
0.2169336802299746,-1.0,1.0,-6.564247450710015
-0.15398868847323244,0.31038154617338964,0.257600068316852,-0.4986717494513501
-0.5814238313032256,1.0,-1.0,-0.4873329238158869
0.9424017339577846,0.5595046036385742,0.5786440803762634,8.344357087224871
0.23684673359074404,0.5244164547666292,-1.0,-4.376521387836666
0.4337244931161177,-0.5760745878773341,0.45944406078641054,1.1804353109989254
-0.6537829217032978,0.019291217648473857,0.9961647918512779,1.8272856059730869
0.4272221591629495,-0.2997012960169734,-0.9130084343456883,-1.6785320817233154
-1.0,1.0,-0.4081754203458299,12.14385275743473
0.7981405231745251,-1.0,-0.9054307937131232,-19.271185812444575
-0.06478984274563349,-1.0,-0.47846121164430366,0.5352169297915551
-0.6567231181766433,-0.8033699340500624,0.6878743108339882,3.0460047930434215
1.0,-1.0,0.7582181959249223,-6.100947629413451
-0.07310271694060888,-0.08084033145528724,-0.08648831094406773,0.8950925684389668
-0.4539459766001779,0.9426297943245623,-0.2095908999581919,3.9675624849050957
-0.5237760872302959,-0.398082029176555,1.0,1.5947967499254636
1.0,0.5815049772458212,-0.5018417300598141,6.157672607073817
-0.8328364088021685,-1.0,0.29158951065711625,7.987243858358855
-0.015369983482684813,-0.506657103147417,0.27883807777601244,0.6879382914411927
-0.716602794354408,-0.8138301983924958,1.0,3.6451668296112603
-1.0,1.0,-0.28971803681036756,10.268722564733103
0.6248194164159426,0.17087517996596824,-0.718963884096596,1.541843365357467
-0.1055582853803112,0.9985877967529144,-0.639560573941818,9.327565612376787
0.6296562681018796,1.0,-1.0,10.179499029737139
0.006148773215604475,0.9671098353152165,-1.0,2.224410378734412
-0.8562080630720532,-0.40007606239423255,-1.0,4.2353698406729565
0.8134692895036062,-0.24454205144663654,0.1170455595499238,2.2151932168999373
-0.42266807828541375,0.2252737021170248,0.4972718860996508,-0.5763041175076631
-0.3222525489692407,-0.744788691574324,0.793583021367317,-0.13182685751012355
-0.45254815092815837,-0.5416875596308259,-1.0,-2.7161435496816804
0.042937324983076675,-0.0428323737087033,-0.419977381564659,1.497459386099671
1.0,-0.46756394323992767,-0.02782954987708819,3.6180476879257526
1.0,-0.13101639722990965,-0.41047268347767285,3.9078537086134233
0.44788003422403166,1.0,1.0,9.128088988288912
0.48632812621649735,0.3886912716509867,-0.8779171814176956,0.07323566447630164
-0.5688531247477897,1.0,-0.5905266685923649,4.772123614834935
0.8168226151357283,1.0,-0.3492162197373738,12.460495250935917
0.598133659816805,-0.5500834362154234,-0.3111675796291924,1.5193451089864622
1.0,0.4316454145132007,0.011092194253310428,5.87597231140857
-0.7594182146740935,0.7602555102051429,0.25018677028575276,-1.4385945916099625
-0.23632355256210946,0.47789450367828024,-0.35062561363002454,0.22190490528184592
-0.020820568152366326,-0.19862887754970537,0.6263276768547223,-0.6262843460649293
-1.0,-0.6151871656502783,0.28192155812862363,1.504929392032221
-0.7542401860567609,-0.057754086134491844,-0.960973432283408,2.2294129872709734
1.0,-0.018226077279063668,0.002288869263279425,4.869549200602782
0.6638607240223449,-1.0,0.5995630081547088,-2.351705207633957
0.8140825414809156,0.08174877988497986,1.0,5.759737446640651
0.48446940111893033,0.15685968825144592,0.05959698280973291,1.1834287275704027
0.2773169365342132,0.4838447260475571,1.0,2.489673467973473
1.0,-0.9194963572180181,0.12247276593410805,-3.4099569252597655
-0.5503747197950906,0.8122753376798306,-0.3700949273560321,-0.06388560152806419
0.25533885416761604,0.010163033637368368,0.27836619837345067,1.2916508984244741
0.9689542593086142,-1.0,-1.0,-28.73490781413668
0.5653549642564693,-1.0,-0.03427628865232646,-0.019768105773792066
0.5107026229984308,0.6646716927901186,-0.2843049321424018,1.6285066167556184
-0.5172780649306339,-1.0,-0.664262923443498,-1.3059239327730339
-1.0,1.0,-0.6016513617097905,12.696482681523266
-1.0,0.9914541517808548,1.0,17.3644239348876
0.08179778045546882,-1.0,-0.40650666683075176,0.6145092647079008
-0.4353467455992972,-0.41971221390389846,-0.07179178761722227,0.7914479725888612
1.0,0.9356914756162278,0.2168345087903445,11.254524512425618
-1.0,0.892927589074257,0.7248620193744248,-0.23775017877024124
0.9559127969734393,-0.551777898472225,0.6836372964789947,3.376077444755194
1.0,0.5086491150766292,-0.23972810233244157,5.55990530909953
-0.4403507665643307,-1.0,0.6997943071260886,1.0545413344305883
-0.29906254115311737,0.38365654786875214,-0.7470086817213695,-1.6291384088891867
0.18577519236387152,0.41882912303613096,1.0,2.9364188745390982
0.13875005443226152,0.03217805340392266,-0.2850783268067436,0.6282212094067678
0.13146351511215104,-0.7443084956720132,-0.869806612689783,-3.902113766290179
0.5371486214923966,1.0,0.34921904211645716,6.304718546381043
-0.23485678285785427,0.9031945301056241,0.06850401221319169,3.646520331690842
-0.8741834461290987,0.8062214902888962,0.0014070979071663103,-1.0565972570463493
-0.7829412429370881,-0.4672778346116766,0.4014765066890029,1.1421154195348446
-1.0,0.6079316218273507,0.635861335684792,-3.5079111476254576
-0.41263669159640326,-0.8642150258354473,-0.04583525190966098,2.363251489101928
-1.0,-0.12968823861135337,1.0,4.085417559585172
1.0,-0.7922566792248653,0.34976189540919744,1.1763192236253392
-0.6490581303655587,0.6576446824637001,-0.20320088014559556,-2.1044413945491276
-1.0,-0.3476787360520168,-1.0,6.974083730578399
-0.7066293582929093,-0.16222767495785262,1.0,2.1023997632939397
0.16915205740804984,0.39854101540687914,1.0,2.565920474814861
0.18349067119435336,-0.6673368170287186,0.2568947624665723,1.353984212202076
-1.0,-0.02274463695372586,0.8765622995263311,0.6157134736506544
0.483257928184915,0.10521474477093129,-0.3609612913652356,0.8970674413038497
0.09538326983533563,-0.14974302702429232,1.0,-1.21888791982783
-0.7299181022363055,0.8428803146279151,1.0,10.431723097266982
-1.0,-0.060782071058743004,1.0,3.801488439780772
-0.9806001778757885,-1.0,0.7789526267619999,15.06828391144609
-0.13923498187663963,0.06982294662993405,-0.6166218161479051,0.5862195996024999
-1.0,-0.17669973041416753,-0.8527578279390009,3.5383026114026217
-1.0,0.14928427826196145,0.8903334191379781,-0.5348237716370811
-0.18157343227081735,1.0,0.46610411981977906,6.888554460508667
-1.0,0.7616096786028128,0.7342992959286612,-2.2175606874363374
-1.0,0.2280179107169218,0.07023006688486344,-4.630655571688061
0.22351057422190368,0.3495727404574469,-0.26373348784628337,1.0975698275916628
-0.031218138471095225,1.0,1.0,12.782210800119383
0.05421893943571909,0.8468510861070215,-0.14402559069780718,2.792327623391796
-1.0,1.0,-1.0,21.908172246299237
-0.4048817527910995,-0.5905138416809381,0.4888904318273841,0.7108373651739668
-0.039409771627564316,0.6230615981741279,0.1940888520214954,0.27587155412697156
-0.16528318359686467,0.9485182646325183,-0.7200281561023156,5.364875970433349
-1.0,0.35603249276680904,0.2825318956300582,-4.720759025576953
-1.0,-0.6952605155982827,0.5975153239961353,5.70704125616621
-0.5940798788129771,0.9951893202281923,0.6243853211146717,5.7213036052665505
0.6381006772598319,0.2649592395517748,-0.3755087934307979,1.6985533037591827
1.0,-0.5229969376406227,-0.7740415688319924,5.055240191387455
0.35214527875511004,0.8347297912283751,-0.2073978262045153,3.2764871434126546
-0.5223026861470128,-0.08241464396282216,-0.667183179641232,0.5338478438744286
-0.836239411716933,1.0,1.0,16.22537251260671
-0.0023462467728099234,-0.6268881319296786,-0.35973262898275493,1.4245645312340665
0.523902236391292,1.0,0.06761349655549376,8.022992772952316
-0.45707044682263587,0.5653535744280824,-1.0,-3.801443149754303
-0.8573353726264454,-0.2964662185340772,1.0,3.744641381116082
-0.06519596295782848,-0.4653698385179974,0.028848091680452992,0.991956840784546
-0.2540397200054818,-0.2984493383417661,1.0,-0.24542850822025014
0.17379993565217067,-0.7410270543939916,0.5347733401732371,0.06011692814879388
0.7118898061076431,0.9771746899104428,-0.6504399586918681,11.691069861904406
1.0,-0.41332292914437074,0.012952890482651469,3.623020989914073
-0.6244627586207021,0.20199685032215053,-1.0,-0.2937917193859123
-0.3109585898138858,0.10280100585902363,-0.37193592478348214,-0.03915814005390035
0.5205552050891225,-0.17717679656080976,0.8458821954393918,0.10866221593580182
0.12370549591934177,-1.0,-0.32348453766458785,1.7891968679843364
-1.0,1.0,-1.0,21.14848105414127
-0.4613503815326485,-0.66143843214549,1.0,0.8100552253461932
-0.6863950340178206,0.5369833628352838,0.38090811205613617,-2.446249318852273
-0.7227101034757053,-0.5442298303610853,0.4528405162124516,1.0883970983944367
1.0,0.4346085058992033,-0.9803334274581117,12.334062659281647
-0.2659146784284441,0.17144140609707414,-0.7123469717189512,0.3587983587745177
-0.4014651372649818,1.0,-0.5139074470907157,6.844558504569707
0.2220926936236962,0.21841214449284707,0.23827913983431315,0.7482978467272531
0.6809747120676399,-0.680835524497758,1.0,-4.35113204065946
-0.6595928675216405,0.5587030197932585,-1.0,-1.0073707178124287
-0.8315789332980175,0.9354366746403504,-1.0,4.263971296436758
-0.7184767051131304,-0.23355192550627035,-0.35550746852141035,0.672401200357924
0.3674884960923961,0.38110075806384236,0.19706958575310463,0.7262479669622399
-1.0,-0.4339591076788556,-1.0,5.8071728447806965
1.0,-0.6234843499021623,0.59407717005067,4.017658687897232
0.19306908925813127,-0.8935775092217184,0.8231766026399541,-1.7759003582801518
-0.8461496931668564,0.34613867996230496,-1.0,6.618368076872703
-1.0,0.26529086565714777,-1.0,15.067431755488698
0.22864231166506666,-0.17340129457333875,0.2543309300919365,1.0184174704641025
-1.0,-0.46258879939882136,0.8414157259376995,3.790144826712482
-0.594170604432259,0.1780453272418996,1.0,1.598266380527929
-0.7225324767115804,0.6698786290593917,0.1335839268832244,-2.5746163396868975
0.08106847970746678,-1.0,-1.0,-17.884764428190817
-0.31180699812879986,-0.3830036469026521,0.7592308040015454,0.13922784705908733
0.2323758409161687,-0.3839733002984156,0.11473591800490657,0.3788344595187978
1.0,-1.0,1.0,-9.398392202781613
0.19965774787289114,-0.018620415904805343,0.25109135845366826,0.8737432531874604
0.36904772956785403,-0.21380752644017265,0.3780036241514835,0.7687688953205766
0.709707780049424,0.7919600720244471,-1.0,1.9697006420681857
0.18400747181836796,1.0,1.0,11.172847355027029
-0.3041137657809203,0.7329768192726411,-0.5269970742451695,-0.5833350301974709
0.7067494693464065,-1.0,1.0,-6.811418241772409
-0.5228208868588566,0.5285849247488184,0.025458980397819797,-1.4963919199153337
0.05384852154533237,0.1526694696291191,0.43852898403653207,1.107486263309079
0.60967160301888,-1.0,-0.8492281091824374,-12.895899580779972
-0.9298780295354561,-0.9832671577171619,0.8780687171745778,13.98588779049908
0.483052770929145,0.07000053324674615,-0.10873992281394251,1.7519171918707614
-0.2941725179122465,0.06115624004039,-0.5651484630329555,0.6725718737597371
-1.0,-1.0,-0.6475418639221966,3.7456197795034507
0.480315512717308,-0.18676580474861804,0.6227702300778708,1.3008347962133653
-0.387671725685224,0.3103835358148561,0.6083073096981853,-0.8692183556467994
-0.7717291379974363,0.16789807582819893,-0.7721053616494973,1.1401920370966743
-0.08683758562699517,0.9670080657635678,-0.2513792811672877,6.077793291400148
0.044953789887862916,0.8283557094855529,0.49722335779642113,2.737896962845312
-1.0,0.2481834240428511,-0.2288737794692175,-3.5844893177507147
1.0,-1.0,-0.9835722159560221,-27.182075181450134
-0.4850398112572043,1.0,0.11910258408781949,5.304726374623872
1.0,0.12991129011946567,0.8751300409514084,10.937420375885292
1.0,1.0,0.26931529859116243,13.342648263192363
0.2677181870024221,0.21881699779114339,0.6979687765790901,1.1855094513920315
-0.11582312191231714,0.9129449970517751,0.18783082788452155,3.760409186507354
-0.019544161202642574,1.0,0.7463188495514173,10.165060370428948
0.7694356350096847,-1.0,-0.9145661545485682,-19.61353291508954
-0.6498628418388837,-0.5479748778259219,0.19704980623810897,0.5674604502340777
-0.7208823561611772,0.5646474998327093,-1.0,0.26808391302815693
0.6731985117568431,-0.21851615904329313,-0.12111033271857452,2.164743130900815
0.5708877779356012,-0.9821321816742641,-0.09265000669275048,-0.5888948526992035
-0.04646277311499003,-0.04205156245807773,0.6227968839791713,-0.3797576673555686
0.6744113249534112,-0.9532971057781365,-0.5846376500546955,-3.8339365219305495
1.0,1.0,-1.0,38.67000313132474
-1.0,1.0,0.25053933415843765,3.796703113756705
0.8716303833149042,-0.0894302006350256,-0.7270016472455769,3.0362752148583656
-0.5376226394128198,0.835228454121334,-0.6792947127640536,-0.9607354386499638
0.9673514057575685,0.8129638693222352,0.22532678177011745,8.179435765297725
1.0,0.5048146294969205,-0.5441666133376979,5.286880675572484
0.2366178886205157,0.20754908652637316,0.21472767720342656,1.594304713132599
-0.5225947818481209,-0.13332857215634375,-0.06878792686550605,0.5259866247344449
-0.6382709586956765,0.22275425489509626,-0.8294474502551736,0.8008702421135718
-1.0,-0.3235534119048844,-0.6424241780547097,-0.6248382021575368
0.3301372223936272,-0.792951612436138,-1.0,-10.794362420318329
0.653341148714472,-0.8053024445904933,0.3658155577361186,0.19467228618928287
0.7508902085974798,-0.12585551833907127,1.0,1.1755695734149187
0.539197685717359,0.8070810132630255,-0.004713238682290788,1.727059891736888
-1.0,-0.7897449474671052,-0.08429807452078353,2.6868543503437787
-0.2910669376827806,-0.9089869569146527,0.2971304612957668,1.6833134698354042
-0.48041589774345916,0.046404755943963094,-0.4930044982986941,0.12346270095793549
-0.21600210885886395,1.0,0.09985681476859276,6.710129497439522
-0.31997922638656173,1.0,0.04890878892761741,6.930887111075985
-0.25186534440693875,-0.3789448406819509,0.34949532917891224,0.05427069638879589
0.12805805694123396,-0.3427596968976778,-1.0,-5.018121595163162
0.8450763045867749,-0.9594719501639621,-0.20660955556161942,-3.5645870850103343
0.4639550879575769,-0.018754601317690245,-0.8786131403786874,-0.5582943989112823
-0.25713364929181437,1.0,1.0,14.977684549188893
0.554474778165019,-0.31490950819671615,0.09600013950168362,1.0749107192011977
-0.6446352534877646,0.13920815693404975,1.0,1.5427979624273833
-1.0,0.46732896993722894,-0.800695647373008,7.536045834453991
1.0,-0.08721644640494919,0.6765602499230934,7.760685182780358
0.42041220386521294,-0.22337899152626361,-0.2888790397481067,1.1164927159262665
-1.0,1.0,-0.39457681121169386,12.235707177262649
-1.0,0.8369192662180773,0.6120075524764343,-1.971668456899502
0.552076591654457,-1.0,0.6299964854529048,-1.6604553316902992
0.6139990027767439,-0.0034645173031104814,-0.9420984065219036,-0.7035890858304571
0.6577409804841656,-0.025848479513627565,-0.013960937614002189,0.21287080460684105
0.0029165226233249797,0.11756053002650857,-0.6246258225410524,0.8774546917237371
-0.01723021459904972,-0.011837419264936866,0.10849543467863021,0.39608191879141497
-1.0,-0.17140670713954953,0.04845343923700285,-4.18334279655485
-0.09300324260387849,-1.0,1.0,-6.018465660586825
0.5001222652464092,-0.24271200048844777,-0.9723999248266564,-3.5530431280431913
1.0,0.5996294744640418,0.5286689616100009,10.363822543602625
0.3375270886083481,0.34299068232180496,-0.9077557170630575,-1.009325800192628
0.4059362328434386,-0.2905210026047358,0.6790494429794189,0.9347241991676913
-0.9007513231455406,0.7622242312254373,0.5975515515010621,-2.3931413693421177
-1.0,1.0,0.5752018758039137,0.8315070247363143
-0.8696658795467807,-0.3128683349139243,-0.656665224239916,1.0764566023995574
-0.7778674416228948,0.7854258501267146,0.31686267578919347,-1.8966010236565893
-0.09877304824892197,0.36292055919654564,-0.9333093032858111,-2.5457021290235007
-1.0,-1.0,0.013835272902161577,7.207437518347626
1.0,-0.32878900743757766,-0.052572506547449604,4.731125259334014
0.19743596461054724,-1.0,-0.11247896043465078,1.1203457636031624
0.22763628292076765,0.5642758070633005,-0.003593724481190552,0.8356989426708885
-0.4283030821166167,0.642720028735273,1.0,6.16552259685388
1.0,0.41546122940567276,1.0,20.998287242179458
-1.0,-0.8296088684503884,-0.13225319073179942,3.590480493582748
-0.021923317807634568,0.44982407771560373,0.410153058690365,0.44068180709549043
1.0,-0.9298818294931408,0.9282000227076133,-3.571098186506524
-0.17365628649116993,-1.0,0.07167311070440285,1.959031328057622
-0.24050120645196715,0.8620712207855712,0.8036906410892373,5.826112724577027
0.4282949005160237,0.7769574173631233,-1.0,-2.9541425324494432
0.16448320394694527,-1.0,0.8215838437275735,-2.7637424996097044
1.0,-1.0,0.3173797088036272,-6.941083251066551
-0.39109133739405677,0.4486449648595592,0.47400671573047326,-0.7452747509508374
-1.0,0.19678703765512062,-1.0,13.596840854475088
0.28537863938845764,-0.3099115786020712,1.0,-1.6060022450223475
1.0,1.0,-1.0,38.962999944594586
0.6256414842623939,0.45151297236523846,0.3612585828915038,1.3535114191776627
0.23244057008537689,0.17474553593480824,0.3429671947098152,0.859153052968165
-0.016473860452909328,-0.24625145981558338,-0.05246624101409836,0.7211380213079829
-0.285686840495498,-1.0,0.33914704757561154,2.13947721800071
-0.17544267813425174,-1.0,0.42595786703722616,1.0766992838090894
-0.7736701617081896,-0.09603356512669481,0.1966068841111901,-1.3511196347418402
0.9463561515441075,0.47345067168002064,0.8206456804755866,11.626225425720342
-0.3882503888364006,-0.42907395196945997,-1.0,-3.5606586243373672
-0.3885911345240596,-0.866821960298024,1.0,-1.5963409342365797
-1.0,-0.5406716001622343,0.12704740133060266,0.4335438158003676
-0.4065503482811661,0.9837504086941582,-0.6132309674607399,4.980800658662879
1.0,0.9954745047637803,-0.2889129732191116,16.79632522434458
0.00020094838816353544,-0.004565506473681591,-0.0008791249514137345,0.6554469557277889
0.07880838166931214,1.0,-0.4389552827805039,9.552207031534369
-1.0,-0.40997991291984115,0.32899816894478984,-1.5895114838356506
-0.7201317600788706,-0.29920027053014375,0.3081213215548617,-0.17131297983664157
0.4152503067399229,-0.2501234990082144,0.4906052610362548,1.6987956241822983
-0.8330751762292137,-0.43342880873081535,0.7387962712924132,1.5495384478238576
0.08987632652362798,1.0,0.6132756518518814,7.400916803889745
-0.03186291316259027,1.0,-0.2275614626816429,8.220758764172514
-0.17655588138625933,0.27041124837706887,-0.35457198523147015,0.18108327689561737
-0.5676228785575563,1.0,0.41986241801550217,5.028710159373327
-0.38519750525107344,0.698631880986625,-0.4459900063964737,-0.2981041497089182
0.5763336427432821,0.019591363424203756,0.8776798059552036,0.12644720903229972
0.6392033862618878,0.6716426598327259,0.10972322449571292,1.7654996486011496
-0.5260772380117518,0.9842121596255076,-0.791386247570381,2.818679181365363
0.6158222881878748,0.8207176987245299,-0.09903511019540567,2.520791643159181
0.6033277952215075,0.14355081563286265,0.7406619086223329,1.2855824828284335
0.8316148052341814,-0.23944873758084761,-1.0,-1.300826462215727
0.13258544950258666,0.16433355859098908,-0.34547076921211906,1.0127538610782676
-1.0,-0.2980542117976335,1.0,6.891649831963079
-0.25928535709350475,0.11069572912324066,-1.0,-3.1424270566735464
0.7128570702263626,0.29679909120420334,1.0,5.0929491057165945
-0.5215679057842921,-1.0,-0.7571079288865148,-3.2181208774748735
-0.8988607917950746,-1.0,-0.6680562897254045,3.1585634105422917
0.638224913832135,-0.1629056493524832,-0.32229052093777,1.5009457950348715
-0.4959696177406885,1.0,0.2960625836146449,6.097990130631977
-0.5475784805267785,-1.0,0.19972758282737124,4.2831183870279
0.8512243889761568,-0.40978487133291797,0.5667104204859013,2.2115877706643565
0.5318222109273578,-0.6281053081521466,-1.0,-7.031136916382588
0.5002426871732943,-0.21429360800307173,-0.4995708015231177,0.8735254926346295
0.01612751146883551,0.16227817706335124,-0.49955161738735576,0.18619548812678183
-1.0,-1.0,0.6454430478969349,13.955119292212359
0.47615007284000055,0.6005802708141941,0.9647963649695102,4.508916082513633
1.0,0.4446496427675959,-1.0,11.848477085853228
-0.041772358959786704,0.9374617198628521,0.4791369255820155,5.47944029569327
0.7370943785446222,-0.9838582835542049,0.6825190160715933,-2.036702841036357
0.19081119100105837,0.3383888638465953,-0.7583806904316039,0.2705355724767063
-1.0,0.9025872329240738,0.3171451811152344,0.48241155211320513
-0.795608273605271,0.9303328442993861,-0.010187970640189503,1.7520132630345462
0.6703205298277441,0.45248644452931264,-1.0,-0.8771656048487069
0.8475819091186416,-0.6122430813509008,-0.46161730060760875,1.8035666062990146
-0.4285257275388912,0.2910341980355502,0.5933335436450207,-0.21323329090955812
0.6835764686496566,-0.2410292360314783,-0.7515507964578494,1.3295716794640438
-0.010873828324960089,-0.7091786902873896,0.9286033538101075,-1.154612762703752
0.20955947533126684,0.03307608795914341,0.9039938989854199,-0.28759887437098164
0.502360455037917,-0.19318356375390988,-1.0,-3.2644919327278106
-0.46170424768419016,1.0,0.3700625170085923,6.000649197102395
-1.0,-0.3927765955205067,0.16639228331540656,-1.467993733048372
-0.0693103784115705,-0.7902079200795353,0.347225738172912,1.4658847341071106
-0.36895178972831655,1.0,0.9398379860140851,13.214656387519788
0.26464286014984784,-0.6485916515752717,-1.0,-8.344999067925098
1.0,0.25226122705944665,-1.0,11.395628654825357
0.18139166483660052,1.0,0.29484975865521146,6.815593125464512
-0.14978518277624442,-0.47500005833704817,-0.6178339508163844,0.27928419724495457
-1.0,1.0,-0.4000701160080322,11.496411237037863
-0.6539773387509313,-0.8837770995449639,-0.9113729941563078,-2.6066882081840483
0.44095324526739654,0.18104725259506438,-0.4820824586718757,0.8260202043269951
1.0,0.15254816065024124,-0.1802786172050288,4.646953398097552
-0.660753031957305,0.4757631949257042,-0.06010350495632544,-2.6004576880593504
0.8604387482839955,-0.34267021994700264,0.023495402386922493,1.8697333651203838
0.027262743502460163,-0.5397837121562767,-0.22128384946191582,1.1449899107983241
-0.7464403034956268,0.12291160883191243,1.0,2.5255408615207995
0.24704662332161953,0.1574477619782122,-0.5814782777327809,1.56799227990829
-0.45616110111832486,-0.8916309245063874,0.23498425982215942,2.232567713803641
-1.0,-1.0,1.0,21.663474253831456
0.06913832654646423,-0.7036500655380225,-1.0,-8.648274395671027
-0.6475227347578951,-0.4967159168712936,0.8617712225287277,1.7513086319299618
1.0,0.9741929236024323,-0.05515960127150943,13.188625915389446
0.44168952620724955,-0.11150730782707052,-0.8028467633720942,0.7051081850570087
0.044078650747536585,-0.7991977617447552,0.8350278068121082,-1.3372647695041417
-1.0,0.5018597887757934,1.0,4.587517935464332
-0.2989192546014534,-0.7031460414278503,0.32742080379684824,1.4739351427698357
1.0,-0.05054026296786662,-0.4563264244424632,6.188105342799432
-0.8349238609912124,1.0,-0.20760085477433576,6.046628219252712
0.4759474039403795,0.405987530843259,0.36622058203402097,1.056199600840422
0.8810721459724935,-0.6959979402051051,0.38059624526542124,1.3735241343720843
0.4147284894049905,-0.7181404111406338,0.2552654848130207,1.3088380115218365
-1.0,0.5805497644563848,0.4047278412097701,-5.09322464194943
-0.16800133294942543,1.0,-0.5644180540949668,8.742351061809158
-1.0,0.32557518110439765,-1.0,15.11849979619404
0.5281963344861211,0.8539578491972759,-0.47726629912068175,3.604517837010971
-1.0,-0.7149755872743813,-0.7160722705833218,0.9267918637571302
-0.9880454415078495,1.0,0.4288298425097061,1.8799237574480847
-0.47261462049086034,0.8552744923356093,0.11535729071296696,0.9105763807518591
-0.39800028231054063,-0.9261302400092757,-0.4724264466495991,1.906452493421577
-1.0,-0.13775927131752375,-1.0,8.575666031755414
0.27993691541965826,-0.8497383564945793,-0.04316553814484925,2.1027344044942327
-0.8311605043113375,-0.6273450337190951,0.4467105353391523,3.054475401022297
-0.5716659983461088,0.8064046941290359,0.549930120642427,-0.35376231429123584
-0.054699493508833186,-0.09797642278621055,0.056426532838847354,1.3640066200920238
1.0,0.6052744028187875,0.35245781488969863,9.246576425752874
0.4309519209027437,-0.09659425926965626,1.0,-1.9666211894286878
0.07221854283658202,1.0,-0.25968279364501634,9.737294743071354
0.13838720254249548,-0.9444001130889854,1.0,-5.52745339823047
1.0,0.20423432736698865,-0.05505353082461273,4.734362251547981
-1.0,0.2326345137000263,-1.0,14.433004230599373
0.2627667661870814,0.9239244242256781,0.2951157355201395,4.753455837921878
-0.20930183654812873,-0.01519932376187172,1.0,0.4048169444301442
-0.022783983812558084,-0.14893156696352605,0.0160389937154104,0.14003987524733896
-0.9562931177304621,-0.289438095952663,-0.9340939083560036,4.832452671499837
0.1381333902862818,0.12658287785013989,-1.0,-3.676319702301438
-0.517413086244739,-0.8626012335519613,-0.32641296448061996,2.403088237687946
0.4697043828078118,1.0,-0.284479060128243,9.109526740876648
0.6179519157425535,1.0,0.7455543454150995,9.08989133710958
0.4394282838581627,0.0631977661192138,0.4805540149156753,-0.015866369886823772
0.6201523880482185,-1.0,-1.0,-24.307595270974563
-0.39621217552717525,-0.9565950545774415,0.0936159227589819,2.981193845497721
0.5340239699577232,0.32239895204467794,0.031667800526976375,1.326972066503186
0.887582567115121,-0.17176878895875913,-1.0,1.417246984999272
0.4253158328220694,-1.0,0.6923560779364033,-1.8084654800812656
0.3592416328403949,-0.4769225211864676,0.7307590712660921,-0.5162761066389109
0.2472453885048953,1.0,-0.7495829573090003,10.890576460323585
0.6427036864362168,-1.0,1.0,-6.393255789905019
0.420065469790186,1.0,0.08155545104584072,6.917121197050928
0.4402681596886573,-0.4913427760791522,0.5164434317615718,0.7685904884592878
-0.7932411975881257,1.0,-0.570455576957529,4.594212403662524
0.24709255600151891,-1.0,-1.0,-19.91561133868235
1.0,0.38319026458032557,-0.3671456498752379,5.479397215849103
0.5308160878544117,1.0,-0.0007599441324954714,7.75293767250861
-0.10225497470318445,-0.1440106752532484,0.765923064629294,0.10315340241205001
0.016775831191319535,0.48663793668020117,0.4412057274581196,1.0354552322927442
1.0,1.0,-0.5482012386683333,21.444080790984106
-1.0,0.5895698697363823,-1.0,18.0896897405116
0.4809081873411172,-0.4202461692302448,0.22352103407261792,1.6187880550247766
-1.0,-0.5669176963388096,0.22790070199697499,-0.4272295585711508
-1.0,1.0,-0.7188588296445244,13.276706691667465
0.18839997183211699,-0.14581880283175974,-1.0,-3.8740817744440466
-0.6105562583861543,-1.0,0.5301314538471484,4.575888258268568
-0.07614692939877288,-1.0,-1.0,-16.218593609183547
0.39959062517286936,0.3002320913710035,-0.5073420741218824,1.086833781433433
0.4447692001355188,0.6290366930613316,-0.06157040106343303,0.7357403435020993
-0.4732344931023973,1.0,-1.0,0.610868268721637
-0.1249547014197776,0.8919392377513828,0.9150294066738445,9.048160163609667
0.36624001490629476,0.0510321597089638,0.1682498083303543,1.5413548563491297
0.40990587662224076,1.0,0.2661635778643352,6.917908711242488
-1.0,-0.0390061762191789,0.3638140882672336,-4.312741988089287
0.2322640748558238,0.1870942846956687,0.6985652615482487,0.9043687135544842
0.404408209311929,-0.2340965581754102,1.0,-1.8829837204453703
0.25908731845498023,-0.36824512820650157,0.7800642166374481,-0.12506497600322986
1.0,-0.8050334730136972,0.8288464143573115,1.672917985255127
0.6360348884384401,0.36482378908123514,0.8518519885868114,2.2490195500740935
0.31122766919448486,0.0743282123853719,-0.05148198957771033,0.5939782371934452
-0.9417018389142935,-1.0,0.0043414642846111295,7.808075935582684
-1.0,-0.24871071828901314,-1.0,7.82026374632255
0.9217985173408567,-0.23032544739231708,-0.4830773645558646,3.3698304904494334
1.0,-0.5359390688918926,-0.5625315905652615,4.851730543296237
0.3073320611604051,-0.2793502542705424,0.013727582159449803,1.5502102623990641
-0.12923297680384027,-0.047869268367830786,0.3544648801693735,-0.3636131920775589
-0.36292448421727386,-0.7776901382370003,0.01750047207192673,3.185456354589831
0.10569390374923637,-0.30627589518425435,0.8881522396000103,-0.6586600572614724
-1.0,0.18852814908749282,-0.9493798835553073,10.20307915465912
-1.0,0.06073632162535603,0.9341860350575579,2.0148001686234
-0.6705678662759811,-1.0,0.18860928873618343,4.76286067560854
0.8287093885948167,0.36344748634345403,-0.2739627855806064,2.970771344624607
-0.30969517525072776,0.016000065086311688,-1.0,-2.4544766230095356
0.399104187134252,-1.0,-0.11546975245924673,0.33728675947683534
0.6968024854716697,0.47484381304553414,-0.6055834817988712,1.9169282318735914
-1.0,-0.8730981763023793,0.43504527848493124,7.734509614772321
-0.07456994097348701,-0.8221889905709034,0.8718377884798394,-2.002284397472332
0.16372994043233802,1.0,0.08018021871056047,7.664178136778278
0.41724333836581007,-0.07734404671736161,0.0723614762100544,1.3224453511223593
-0.29819812706005977,-0.5606561339673739,-0.19023298500628738,1.9811210450388002
0.4925105422139433,-1.0,0.12370256456990103,-0.09486861899485644
-0.2862691892395297,-0.21559536782631472,1.0,-0.18384218497140326
1.0,-0.014722870862377446,0.6175090522461006,7.5889657267192945
-0.0559464556597582,0.7439497905190484,-1.0,-3.849806850411665
-0.19482850638458404,-1.0,0.041722229091681884,3.226143498504014
0.46790371949226706,-0.8906257343670405,0.10103378492178483,0.9239573387995345
0.3264737380981555,-1.0,0.9004957577418415,-4.072277492081988
0.5467975847859039,-0.891536127703217,-1.0,-15.476601545675653
-0.7681879106802334,0.02915281022642091,-0.7325298746142699,0.9078178840238581
-0.396558421918215,1.0,1.0,15.46567550382935
0.5576018245200798,1.0,-0.8491955909736064,11.597401602730885
-1.0,-0.378183832060325,-0.11277473110216585,-2.5760458814859306
-0.604457174245882,0.0813033674711463,0.24700852387354932,-1.3742232134079868
0.09315841928095914,-0.8343374000208628,-0.7352337454129398,-1.2357136423199189
0.39568278452796535,-1.0,-0.8967733998629357,-13.391183546750272
0.0922947453786036,-1.0,-1.0,-17.608506171579254
-0.8276830154989168,-0.3013313837841125,-0.4347085308641794,-0.43335877029935754
-0.27125503860117406,0.3329009112272854,-1.0,-2.5230493585870977
0.23677622532162368,0.25724790519560026,1.0,0.5764574147619033
-0.020226756451995342,0.9081927456504773,-0.0295197177123252,4.108239278597332
0.34363817451394496,0.25065071384668425,-0.8285742834577514,-0.2309333433656394
-0.8436498393226313,-0.03592043518179344,-0.2325847323844228,-1.4850266399182794
-0.31925318627220123,-0.4641083113008182,-0.6190265553182293,0.201201603921162
-0.8549868253147526,-0.6171373432501728,-0.24798798164222702,1.0621934108332045
0.06639947051152384,1.0,-1.0,4.691702746360186
-1.0,0.6310464335766051,0.5465725525446032,-3.6135829747205763
0.709995351698476,0.02345189255161184,-1.0,-1.247429347587805
-0.33093901078553345,0.28407520758065474,-0.44438914792960804,-0.40025031009066686
-0.03422289365386488,0.26704635160836254,1.0,1.61425194086381
1.0,0.15369926661444233,-0.5161610220851132,5.184919862850253
-0.19556881339185406,-0.935006828868288,0.9375925499825708,-2.347779632302874
-0.7056901919295635,-0.9204084312580278,-0.17654608835507335,4.207515956524143
-0.0009784828576271387,1.0,0.33992103830677967,7.699164776169354
1.0,0.6044192076184589,-1.0,14.207540327414131
-0.2997024375974493,0.2531282903599801,0.13318055090566872,-0.5519904614174893
-1.0,0.5867134452414906,0.2336412721453327,-3.4274770988221004
0.859702633695774,1.0,0.9107128575286378,15.549817640718071
0.5826125154708872,0.752263744238659,-0.9068134084126014,0.3123317722415836
-1.0,0.08215958089604825,1.0,3.4803089480036054
-0.929314161300717,-0.7795326664321758,1.0,12.279465107405654
-0.6820116883140874,-1.0,0.8731431602118784,3.621149292142401
-0.09107389537794419,1.0,1.0,13.451936771943739
0.48272765511445903,-0.45065687537326915,0.7754019869931927,-0.1585208901321299
-0.21974928793434412,0.36543676849205364,1.0,2.067819451348228
-1.0,-1.0,1.0,22.363638212282698
-0.3034314241889897,-0.8472613328943879,-0.4785754412497101,1.3015820477138413
0.4579239525949941,-0.4225004862003925,-0.5231671872425907,0.778225348864269
-0.6793684293173456,-0.08611467563145014,-1.0,1.964335407270983
-0.6741922323046554,-1.0,-0.9666090162878644,-6.837691961507898
-0.968669578380003,0.17559228974255348,0.14115554104820482,-4.428776641496461
-0.9232051003863218,-0.19499227378496364,-1.0,7.318252977288662
-1.0,0.6251924241578815,0.009157241181333875,-1.9113845829807483
0.4873155009292347,0.01312815264470868,0.9027090037598682,0.07676692114375575
0.8850993638528208,-0.3626895651894051,0.10917539447632807,2.1365775631629487
-1.0,0.908397954183433,0.37844992307887004,0.664352418030806
0.3942529422788843,1.0,-1.0,6.143341715992145
-0.70368367687036,-1.0,0.3559330279014774,5.0036031128802065
-0.800388657542016,0.6866680245593264,0.03610350757142711,-1.9745027176959022
-1.0,-0.4359608403731783,-0.8805563277001165,1.9359125248369469
-0.8046652974716748,-0.5229127387672221,0.13085778487413058,0.8257835681053669
-1.0,-0.18359786213354234,0.23280210090462816,-3.910709016980123
0.671927458305114,0.45119988758859786,-1.0,-2.0847804836035237
0.7739394953241492,-0.051285898384366924,-0.38999719989576587,1.5326773062894667
1.0,0.16915091595371656,1.0,15.58315973563396
0.3886152660304103,-0.44534167835540517,0.8586833141884895,-1.0592145994145086
1.0,-0.3645432327586948,-1.0,3.691603087370801
-1.0,1.0,-1.0,22.078687854096728
-0.48985657840174923,0.7137152913023919,-0.5536848931741063,-1.0539782321507252
-0.7070126162070307,0.4759644555878402,0.0025267784942848426,-3.1527400770538296
-0.1153202608611259,-0.7266509552943299,-0.001465508014992123,1.935089095822368
-1.0,0.4141129431520425,-1.0,16.92748099568573
-0.8484550101091917,-0.5884334028193787,1.0,5.471143257727875
0.11244243316716851,0.72823949470933,-1.0,-2.866919264579963
-0.6226112841981133,0.6777559572164347,-0.6543562599694235,-1.6337622053513132
-0.40321949574865723,0.5495762708262635,1.0,4.535793878958752
0.8146209210286863,-1.0,-0.7475259341441913,-12.129568001488407
-1.0,0.7944397621084527,-1.0,20.794533980527298
-0.14250861517153823,1.0,0.09945213746195547,7.649789722908115
-0.01583198269703967,0.13711831994015222,0.10285552861978897,0.5071342269127773
-0.3802360686038726,-0.509290388572547,1.0,0.311702396052605
1.0,0.9104130344825583,0.14925738301669633,11.24828526689581
-0.20379182188806855,1.0,0.026280388160540902,7.672305113069137
-0.11672230855039922,-0.47704161576969106,-0.06919152345674084,1.3184896577259142
1.0,0.5948605249562071,-0.34196738216916,5.459943600415492
1.0,-0.29643218139296845,-0.8553785950179424,6.931943892168192
-1.0,-1.0,-0.544045239645234,4.663680664546376
-0.33643718699505487,1.0,-0.41104404999485133,7.285878874345105
0.6374440538675288,1.0,0.837051899787167,9.053758235072666
-0.25117120098466694,-1.0,0.49088078681636826,2.134611180027278
-0.10160440864901354,-0.37266846474812887,-1.0,-4.594833180923388
0.885452588135512,-0.5559155431787026,-0.9269005025181838,-0.9235165861152411
-0.1109862880559016,-0.5977705422426416,0.8206556624575334,-0.21171007923298954
-0.23009515493485622,1.0,0.5149906816860541,7.541626609192918
0.3851389986319811,0.6064672350089391,0.8654532195322608,2.715770721694426
-0.8861349888076135,0.47393622453571704,0.8489875179277968,-0.43073453871244755
0.4900888797257672,0.16830203882952177,0.4711640746196477,1.2454936651219628
0.4098284419699556,0.6983202759433031,0.27578748664693387,1.4796848186786575
1.0,-0.43051015463412945,1.0,6.443923784776404
1.0,0.6328383611168564,0.07383400923980998,7.198969426458445
1.0,0.26930265542588994,-0.49087968005768357,4.928825929419651
-0.3453244618036455,1.0,-0.7389489360141268,6.0353394899085835
-0.7947025162011279,1.0,-0.5357392077545144,4.358999687088452
-1.0,-0.9895947780267218,1.0,22.67998917364826
1.0,-0.6201079200393009,-0.7980163726318361,4.480795288970474
-0.6522979658127983,0.7463661858604238,-1.0,-1.8184500198499487
1.0,0.040501461384232496,0.5697857034881018,7.551756418439971
0.6710028538490842,-0.6083822681110527,-0.23583777408549578,1.4555763656127272
-0.2389399844725031,0.17952241868565344,0.8650403611217827,0.5666854242965309
1.0,1.0,-0.3102082787884215,17.102589165881767
0.06142064361067656,-1.0,0.24235935824787336,2.191557767872645
0.8941938185918501,-0.1334956014399935,-0.1845369162368682,2.6890671892698736
-0.5060724929119407,0.3969381474747651,1.0,3.433318782581637
-1.0,-0.4286028187633486,-0.3539802199656261,-1.5536807705547533
1.0,1.0,0.4737904157741448,13.558488114716829
1.0,1.0,-0.8511394628636746,31.87840948823095
0.22353056920100833,0.00015694644046204687,0.30406107812972727,0.27608927548030904
1.0,-0.8250565822246154,0.18092265649166328,0.05475965338016258
-0.18635780289271375,0.9285449668516239,-1.0,-0.7876794384259207
0.5510659875550883,-0.523197095587689,0.5247524259735494,1.5015346130810485
0.3969469386905966,-0.32328229111400475,-1.0,-4.750768352722925
-0.020238712605975318,0.6552933478607033,0.22724041834369357,1.344614075247748
0.13312513982868612,-1.0,1.0,-6.424161102734202
-1.0,-0.13145458652953512,1.0,4.588272533659862
0.8899989759800082,0.460259281403413,-0.15543898354773922,3.2351318361687333
0.4714822209693088,-0.39385738876168386,-1.0,-4.8389920828455635
1.0,-0.4137012073883599,1.0,6.431669392391592
1.0,-0.700959895548134,0.7050522903372225,3.7281277612344637
0.3624095154924434,0.701490563373065,1.0,4.96205823926465
0.10861036820108572,-0.2448533168786433,-0.2805399617402222,1.4262801806128658
-0.16888438130565286,-1.0,0.2078605152613191,2.499433495293457
0.37496484921995443,1.0,-1.0,5.767728140614447
-1.0,-0.03840452488806845,0.1667093175381975,-5.1486247172640125
-1.0,-0.09014636307800727,-0.18839642635489517,-3.132986583654848
0.09104965728139791,0.8622869347660072,0.18781770797408992,3.691083444692838
-1.0,0.8920401034929779,0.8925334152121713,4.704193850576816
0.8746324186108292,-0.18006470276280595,0.7482456994519207,3.664043826953522
0.8299804867513809,0.24874950620842817,0.9476807054342757,7.227823512562844
0.6967928030587143,0.7336503413470405,-1.0,0.8942836161089652
-0.43390562525308773,-0.4000793873453796,-1.0,-2.734511565468462
-0.021942519238719038,0.8077783545755233,0.6251957712252039,3.394815658954677
1.0,-0.9500998446644178,-1.0,-20.78320205743252
0.0769633485984289,0.6347054559653813,0.3722110538000991,0.8903480507487924
0.4644642498622955,0.028451268996245727,0.0659903207524255,0.8155399638142204
-1.0,1.0,1.0,17.596267288334246
-1.0,0.011698079560938268,0.2664707393413186,-4.481136252237249
0.09486242180617244,-0.9714760807945289,-0.8829085699200083,-9.673806522136472
-0.10104786882664363,-0.32942391105974655,0.05038342346669822,0.5672149575484401
0.9013839361796014,0.1921939863305715,0.25223424527893235,4.199409015866951
-0.7587460775417865,1.0,1.0,16.179075251246925
-1.0,-0.16614992286709596,-0.6757515464213393,0.12716587236165172
-0.3019782249147165,-0.22993933583615833,-1.0,-1.833387295623265
-1.0,0.42085935921782847,-0.9111584746642805,11.374657318893856
0.4913036126194501,0.5068628186521942,0.18791647650174315,1.5140035191294898
0.3003646514227263,0.6787769196359965,-0.013746613389010953,0.9943497350162251
-0.23994188755894408,0.734382111135317,0.05551144122569274,0.3747645310017544
-1.0,-0.09874082286572072,1.0,3.7228495886504955
0.0963105386509493,-1.0,-1.0,-18.067380543672193
-1.0,0.42664626420879936,0.544617423484391,-4.737008795835149
-0.6825566950135811,0.8222143604538497,0.21467742337411244,-1.3398804790400602
-0.11659746072500732,-1.0,-0.2600308597798229,1.9171663203643532
-0.761170140331836,0.12121363993871848,1.0,3.0801155661861053
1.0,-0.06751483777220124,0.9422241226795285,9.90366010302628
-0.8316777233225936,1.0,-0.04482805723039851,4.189740685186396
-1.0,0.5131745703810151,-0.7947292078889541,6.7907951500709895
1.0,0.4011810725099958,0.6546171931262705,10.697494508620776
1.0,0.5437127650802194,-0.08888218470705023,6.561397186182855
0.7062661008985742,0.028161789960233552,-0.14940609877605082,1.9492266812591004
-1.0,-0.639729950833273,-1.0,5.154460477180393
0.9690195918837323,-1.0,0.5331657803244132,-5.329696033447277
-0.416050497044522,-0.8308685409357139,-0.5869127361351081,0.4962502372100844
0.029259180669756635,1.0,0.38072841808065716,7.810189202342574
-0.6845572483019366,0.32460398542497226,1.0,3.1205769367161604
0.9144820823902939,0.30242431106951684,-0.8317215345204805,5.175287073512254
-0.9129535796087476,0.6111120665304572,0.8505119182385255,-0.009458659982674589
-1.0,0.04831533747001959,0.3371560485555076,-4.124128283829753
-1.0,1.0,0.2895396610359273,4.253374499165513
-1.0,0.9997933298431163,-0.7263441003408577,13.328567160142061
0.5756742897479326,0.8911183888220038,-0.9280860843164651,3.963714049418228
-0.9771415663042511,1.0,-0.37766275081963685,10.1997243300835
-0.16862146255757127,-0.018291992380248256,1.0,0.7687528439561941
1.0,-0.9516913398310636,0.011090854178632537,-5.193030480694231
0.16226467938203193,-0.3012325678930785,-0.8110413373763223,-0.3993425140233826
-0.25102974250275323,-0.35941568934524426,0.06560122179279704,0.8402922017852532
0.9517549832477785,-0.07720940017372846,-0.23402073655194378,2.96092866198925
0.012656127612485468,-0.044179500664107696,-0.4205385465857283,0.19187703896461095
-1.0,0.4666707181174774,0.07163692527131427,-3.184002083429989
0.9410270731039652,-0.5926076912004288,0.21743952966165825,2.447188851970945
